Logistic Regression,XGBoost
0.7201311059420596,0.7023683654049482
0.7418862161130202,0.8064146620847652
0.5948262666462574,0.6000852393805938
0.49642309657639244,0.47782805429864256
